,Creditability,Account_Balance,Duration_of_Credit_monthly,Payment_Status_of_Previous_Credit,Credit_Amount,Value_Savings_Stocks,Length_of_current_employment,Instalment_per_cent,Sex_Marital_Status,Most_valuable_available_asset,Age_years,Concurrent_Credits,Foreign_Worker
0,1,1,18,4,1049,1,2,4,2,2,21,3,1
1,1,1,9,4,2799,1,3,2,3,1,36,3,1
2,1,2,12,2,841,2,4,2,2,1,23,3,1
3,1,1,12,4,2122,1,3,3,3,1,39,3,2
4,1,1,12,4,2171,1,3,4,3,2,38,1,2
5,1,1,10,4,2241,1,2,1,3,1,48,3,2
6,1,1,8,4,3398,1,4,1,3,1,39,3,2
7,1,1,6,4,1361,1,2,2,3,1,40,3,2
8,1,4,18,4,1098,1,1,4,2,3,65,3,1
9,1,2,24,2,3758,3,1,1,2,4,23,3,1
10,1,1,11,4,3905,1,3,2,3,1,36,3,1
11,1,1,30,4,6187,2,4,1,4,3,24,3,1
12,1,1,6,4,1957,1,4,1,2,3,31,3,1
13,1,2,48,3,7582,2,1,2,3,4,31,3,1
14,1,1,18,2,1936,5,4,2,4,3,23,3,1
15,1,1,6,2,2647,3,3,2,3,1,44,3,1
16,1,1,11,4,3939,1,3,1,3,1,40,3,1
17,1,2,18,2,3213,3,2,1,4,1,25,3,1
18,1,2,36,4,2337,1,5,4,3,1,36,3,1
19,1,4,11,4,7228,1,3,1,3,2,39,3,1
20,1,1,6,4,3676,1,3,1,3,1,37,3,1
21,1,2,12,4,3124,1,2,1,3,1,49,1,1
22,0,2,36,2,2384,1,2,4,3,4,33,3,1
23,1,2,12,4,1424,1,4,4,3,2,26,3,1
24,1,1,6,4,4716,5,2,1,3,1,44,3,1
25,1,2,11,3,4771,1,4,2,3,2,51,3,1
26,1,1,12,2,652,1,5,4,2,2,24,3,1
27,1,2,9,4,1154,1,5,2,3,1,37,3,1
28,1,4,15,2,3556,5,3,3,3,4,29,3,1
29,1,3,42,4,4796,1,5,4,3,4,56,3,1
30,1,3,30,4,3017,1,5,4,3,2,47,3,1
31,1,4,36,4,3535,1,4,4,3,3,37,3,1
32,1,4,36,4,6614,1,5,4,3,3,34,3,1
33,1,4,24,2,1376,3,4,4,2,3,28,3,1
34,1,1,15,2,1721,1,2,2,3,1,36,3,1
35,1,1,6,4,860,1,5,1,2,4,39,3,1
36,1,4,12,4,1495,1,5,4,3,1,38,3,1
37,1,4,12,4,1934,1,5,2,3,4,26,3,1
38,1,4,18,2,3378,5,3,2,3,2,31,3,1
39,1,4,24,4,3868,1,5,4,2,3,41,3,1
40,1,4,12,4,996,5,4,4,2,1,23,3,1
41,1,1,24,2,1755,1,5,4,2,1,58,3,1
42,1,4,18,4,1028,1,3,4,2,1,36,3,1
43,1,2,24,4,2825,5,4,4,3,4,34,3,1
44,1,2,18,2,1239,5,3,4,3,4,61,3,1
45,0,1,18,2,1216,1,2,4,2,3,23,3,1
46,1,4,24,2,1258,1,4,4,3,1,25,3,1
47,0,4,18,4,1864,2,3,4,2,1,30,3,1
48,1,4,24,2,1474,2,2,4,4,1,33,3,1
49,1,1,24,4,1382,2,4,4,3,1,26,3,1
50,1,4,12,2,640,1,3,4,1,1,49,3,1
51,1,3,36,2,3919,1,3,2,3,1,23,3,1
52,1,4,9,4,1224,1,3,3,3,1,30,3,1
53,1,4,12,4,2331,5,5,1,3,1,49,3,1
54,1,4,24,2,6313,5,5,3,3,3,41,3,1
55,1,1,12,4,385,1,4,4,2,1,58,3,1
56,1,4,12,4,1655,1,5,2,3,1,63,3,1
57,1,1,15,2,1053,1,2,4,4,1,27,3,2
58,1,4,21,2,3160,5,5,4,3,2,41,3,1
59,1,4,36,2,3079,5,3,4,3,1,36,3,1
60,1,4,12,4,1163,3,3,4,3,1,44,3,1
61,1,4,24,2,2679,1,2,4,2,4,29,3,1
62,1,4,48,4,3578,5,5,4,3,1,47,3,1
63,1,4,36,3,10875,1,5,2,3,3,45,3,1
64,1,1,12,3,1344,1,3,4,3,1,43,3,1
65,1,4,6,4,1237,2,3,1,2,2,27,3,1
66,1,4,12,2,3077,1,3,2,3,3,52,3,1
67,1,4,24,2,2284,1,4,4,3,3,28,3,1
68,1,2,12,2,1567,1,3,1,2,3,22,3,1
69,1,4,24,3,2032,1,5,4,3,4,60,3,1
70,1,2,21,4,2745,4,4,3,3,3,32,3,1
71,1,4,30,2,1867,5,5,4,3,3,58,3,1
72,1,4,36,2,2299,3,5,4,3,3,39,3,1
73,1,4,24,2,929,5,4,4,3,3,31,2,1
74,1,3,12,2,3399,5,5,2,3,3,37,3,1
75,1,2,9,2,2030,5,4,2,3,3,24,3,1
76,1,4,21,4,3275,1,5,1,3,3,36,3,1
77,1,4,24,4,1940,4,5,4,3,1,60,3,1
78,1,1,21,4,1602,1,5,4,4,3,30,3,1
79,1,4,15,2,1979,5,5,4,3,3,35,3,1
80,1,4,24,4,2022,1,3,4,2,3,37,3,1
81,1,4,36,4,3342,5,5,4,3,3,51,3,1
82,1,2,18,2,5866,2,3,2,3,3,30,3,1
83,1,3,15,4,2360,3,3,2,3,3,36,3,1
84,1,4,15,4,1520,5,5,4,3,2,63,3,1
85,1,1,12,2,3651,4,3,1,3,2,31,3,1
86,1,4,24,4,2346,1,4,4,3,3,35,3,1
87,1,4,36,3,4454,1,3,4,2,1,34,3,1
88,1,1,6,4,666,4,4,3,2,1,39,3,1
89,1,2,24,3,1965,5,3,4,2,3,42,3,1
90,1,2,12,4,1995,2,2,4,3,3,27,3,1
91,1,2,30,2,2991,5,5,2,2,3,25,3,1
92,1,2,30,0,4221,1,3,2,2,3,28,3,1
93,1,1,9,2,1364,1,4,3,3,1,59,3,1
94,1,2,18,4,6361,1,5,2,3,4,41,3,1
95,1,4,27,4,4526,4,2,4,3,1,32,2,1
96,1,2,12,4,3573,1,3,1,2,1,23,3,1
97,0,2,36,3,4455,1,3,2,1,1,30,2,1
98,1,1,9,2,2136,1,3,3,3,1,25,3,1
99,1,2,42,4,5954,1,4,2,2,1,41,1,1
100,1,4,24,4,3777,4,3,4,3,1,40,3,1
101,1,1,15,2,806,1,3,4,2,2,22,3,1
102,1,2,24,3,4712,5,3,4,3,2,34,1,1
103,1,2,36,3,7432,1,3,2,2,2,54,3,1
104,1,4,24,4,1851,1,4,4,4,3,33,3,1
105,1,4,24,2,1393,1,3,2,3,1,31,3,1
106,1,4,12,4,1412,1,3,4,2,1,29,3,1
107,1,4,18,2,1473,1,2,3,4,1,39,3,1
108,1,4,24,2,1533,1,2,4,2,3,38,2,1
109,1,4,12,4,2012,5,4,4,2,3,61,3,1
110,0,1,15,2,3959,1,3,3,2,2,29,3,1
111,1,1,6,2,428,1,5,2,2,2,49,1,1
112,1,2,12,4,2366,3,4,3,1,3,36,3,1
113,1,4,12,2,763,1,3,4,2,1,26,3,1
114,1,2,21,2,3976,5,4,2,3,3,35,3,1
115,1,2,18,2,6260,1,4,3,3,1,28,3,1
116,1,2,9,4,1919,1,4,4,3,3,35,3,1
117,1,4,24,2,2603,4,3,2,2,3,28,3,1
118,1,4,9,4,936,3,5,4,3,3,52,3,1
119,1,4,24,2,3062,3,5,4,3,4,32,3,1
120,1,2,36,2,4795,1,2,4,2,4,30,3,1
121,1,4,36,4,5842,1,5,2,3,2,35,3,1
122,1,2,6,2,2063,1,2,4,4,3,30,3,1
123,1,4,15,4,1459,1,3,4,2,3,43,3,1
124,1,4,15,2,1213,3,5,4,3,2,47,2,1
125,1,4,24,4,5103,1,2,3,4,4,47,3,1
126,1,4,15,2,874,5,2,4,2,1,24,3,1
127,1,4,6,2,2978,3,3,1,3,3,32,3,1
128,1,4,18,2,1820,1,3,2,4,2,30,3,1
129,1,4,24,4,2872,2,5,3,3,1,36,3,1
130,1,3,24,2,1925,1,3,2,3,1,26,3,1
131,1,4,18,2,2515,1,3,3,3,1,43,3,1
132,1,3,6,2,2116,1,3,2,3,1,41,3,1
133,1,4,18,2,1453,1,2,3,2,1,26,3,1
134,1,4,10,2,1364,1,3,2,2,3,64,3,1
135,1,4,6,2,1543,4,3,4,1,1,33,3,1
136,1,2,12,2,1318,4,5,4,3,1,54,3,1
137,1,1,24,1,2325,2,4,2,3,3,32,1,1
138,1,2,6,4,932,5,4,1,2,2,39,3,1
139,1,3,24,4,3148,5,3,3,3,3,31,3,1
140,1,4,36,2,3835,5,5,2,2,1,45,3,1
141,1,4,9,2,3832,5,5,1,3,1,64,3,1
142,1,2,24,2,5084,5,5,2,2,3,42,3,1
143,1,4,9,4,2406,1,1,2,3,3,31,3,1
144,1,4,36,2,2394,5,3,4,2,3,25,3,1
145,1,4,21,2,2476,5,5,4,3,1,46,3,1
146,1,1,24,2,2964,5,5,4,3,4,49,1,1
147,1,1,12,2,1262,5,5,2,1,2,49,3,1
148,1,4,12,2,1542,1,4,2,3,3,36,3,1
149,1,2,24,4,1743,1,5,4,3,2,48,3,1
150,1,3,12,1,409,4,3,3,2,1,42,3,1
151,1,4,12,2,2171,1,2,2,2,3,29,1,1
152,1,4,48,4,8858,5,4,2,3,4,35,3,1
153,1,2,24,2,3512,2,4,2,3,3,38,1,1
154,1,2,12,2,1158,3,3,3,1,3,26,3,1
155,1,4,24,4,2684,1,3,4,3,1,35,3,1
156,1,1,12,2,1498,1,3,4,2,3,23,1,1
157,1,4,30,4,5954,1,4,3,3,3,38,3,1
158,0,2,48,1,6416,1,5,4,2,4,59,3,1
159,1,2,12,4,3617,1,5,1,3,3,28,3,1
160,1,4,12,4,1291,1,3,4,2,2,35,3,1
161,1,3,24,4,1275,4,3,2,1,1,36,3,1
162,1,4,24,2,3972,1,4,2,2,2,25,3,1
163,1,4,15,4,3343,1,3,4,3,4,28,3,1
164,1,3,15,2,392,1,2,4,2,2,23,3,1
165,1,4,9,4,2134,1,3,4,3,3,48,3,1
166,1,4,30,4,5771,1,4,4,2,3,25,3,1
167,1,4,24,4,4526,1,3,3,3,1,74,3,1
168,1,4,15,4,2788,1,4,2,2,3,24,1,1
169,1,4,6,4,1382,1,3,1,2,3,28,3,1
170,1,3,36,2,5848,1,3,4,3,3,24,3,1
171,0,1,12,2,1228,1,3,4,2,1,24,3,1
172,1,3,12,2,1297,1,3,3,4,1,23,3,1
173,1,4,24,2,1552,1,4,3,3,3,32,1,1
174,1,4,12,2,1963,1,4,4,3,3,31,3,1
175,1,4,24,2,3235,3,5,3,1,3,36,3,1
176,1,4,24,4,4139,2,3,3,3,2,27,3,1
177,1,2,12,4,1804,2,2,3,3,2,44,3,1
178,1,4,18,2,1950,1,4,4,3,3,34,2,1
179,1,4,48,3,12749,3,4,4,3,3,37,3,1
180,1,4,9,2,1236,1,2,1,2,1,23,3,1
181,1,4,18,4,1055,1,2,4,2,2,30,3,1
182,1,1,30,0,8072,5,2,2,3,3,25,1,1
183,1,4,30,4,2831,1,3,4,2,3,33,3,1
184,1,4,9,2,1449,1,4,3,2,3,27,3,1
185,1,4,36,2,5742,2,4,2,3,3,31,3,1
186,1,4,12,2,2390,5,5,4,3,3,50,3,1
187,1,4,24,2,3430,3,5,3,3,3,31,3,1
188,1,2,36,2,2273,1,4,3,3,3,32,3,1
189,1,3,21,2,2923,2,3,1,2,3,28,1,1
190,1,4,24,2,1901,2,3,4,3,3,29,3,1
191,1,2,36,2,3711,5,3,2,4,3,27,3,1
192,1,2,48,2,8487,5,4,1,2,3,24,3,1
193,1,4,24,2,2255,5,2,4,3,2,54,3,1
194,1,4,12,2,1262,1,3,3,3,3,25,3,1
195,1,4,33,4,7253,1,4,3,3,3,35,3,1
196,1,4,6,4,6761,1,4,1,3,4,45,3,1
197,1,4,18,4,1817,1,3,4,2,4,28,3,1
198,1,4,12,2,2141,2,4,3,3,4,35,3,1
199,1,4,48,1,3609,1,3,1,2,1,27,2,1
200,1,4,30,2,2333,3,5,4,3,3,30,1,1
201,1,4,28,1,7824,5,2,3,3,1,40,1,1
202,1,3,18,1,1445,5,4,4,3,3,49,1,1
203,1,1,24,2,7721,5,2,1,2,2,30,3,2
204,1,1,21,2,3763,5,4,2,3,1,24,3,2
205,1,2,18,2,4439,1,5,1,3,1,33,1,1
206,1,1,12,2,1107,1,3,2,3,1,20,3,1
207,1,2,15,2,1444,5,2,4,3,2,23,3,1
208,1,2,48,1,12169,5,1,4,3,4,36,3,1
209,1,4,9,2,2753,2,5,3,3,3,35,3,1
210,1,3,4,2,1494,5,2,1,3,1,29,3,2
211,1,1,24,1,2828,3,3,4,3,1,22,2,1
212,1,1,24,1,2483,3,3,4,3,1,22,2,1
213,1,3,6,4,1299,1,3,1,3,1,74,3,2
214,1,2,9,2,1549,5,2,4,3,1,35,3,1
215,1,3,10,2,3949,1,2,1,3,2,37,3,1
216,1,4,10,2,2901,5,2,1,2,1,31,3,1
217,1,3,6,2,709,4,2,2,4,1,27,3,2
218,1,1,47,2,10722,1,2,1,2,1,35,3,1
219,1,4,10,2,1287,5,5,4,3,2,45,3,2
220,1,1,18,1,1940,1,2,3,3,4,36,1,1
221,1,3,30,4,3656,5,5,4,3,2,49,2,1
222,1,4,24,3,4679,1,4,3,3,3,35,3,1
223,1,4,27,3,8613,4,3,2,3,3,27,3,1
224,1,1,18,2,2659,4,3,4,3,3,28,3,1
225,1,4,24,4,1516,4,3,4,2,1,43,3,1
226,1,1,18,2,4380,2,3,3,3,3,35,3,1
227,1,4,14,3,802,1,3,4,3,3,27,3,1
228,1,4,21,2,1572,4,5,4,2,1,36,1,1
229,1,2,48,1,3566,2,4,4,3,3,30,3,1
230,1,4,24,2,1278,1,5,4,3,1,36,3,1
231,1,4,6,0,426,1,5,4,4,3,39,3,1
232,1,4,39,2,8588,2,5,4,3,3,45,3,1
233,1,1,30,2,3857,1,3,4,1,2,40,3,1
234,0,2,12,2,685,1,4,2,4,3,25,1,1
235,1,1,24,2,1603,1,5,4,2,3,55,3,1
236,1,4,21,2,2241,1,5,4,3,1,50,3,1
237,1,1,24,2,2384,1,5,4,3,1,64,1,1
238,1,4,4,2,601,1,2,1,2,1,23,3,1
239,1,4,39,2,2569,3,3,4,3,3,24,3,1
240,1,4,15,4,1316,3,3,2,4,2,47,3,1
241,1,4,60,2,10366,1,5,2,3,2,42,3,1
242,1,4,18,2,1568,2,3,3,2,2,24,3,1
243,1,4,18,4,629,3,5,4,3,2,32,1,1
244,1,4,6,1,1750,3,5,2,3,2,45,1,1
245,1,4,24,2,3488,2,4,3,2,3,23,3,1
246,1,4,18,4,1800,1,3,4,3,3,24,3,1
247,1,4,24,3,4151,2,3,2,3,2,35,3,1
248,1,2,15,2,2631,2,3,3,2,1,25,3,1
249,1,4,21,2,5248,5,3,1,3,3,26,3,1
250,1,2,18,3,2899,5,5,4,3,3,43,3,1
251,1,2,18,3,6204,1,3,2,3,1,44,3,1
252,1,4,12,2,804,1,5,4,3,3,38,3,1
253,1,4,36,2,3595,1,5,4,3,3,28,3,1
254,1,4,36,4,5711,4,5,4,3,3,38,3,1
255,1,3,15,2,2687,1,4,2,3,2,26,3,1
256,1,1,15,3,3643,1,5,1,2,2,27,3,1
257,1,4,10,4,2146,1,2,1,2,1,23,3,1
258,1,1,10,2,2315,1,5,3,3,1,52,3,1
259,1,4,5,2,3448,1,4,1,3,1,74,3,1
260,1,4,15,2,2708,1,2,2,3,2,27,1,1
261,1,4,11,4,1393,1,2,4,2,3,35,3,1
262,1,3,10,2,1275,1,2,4,2,2,23,3,1
263,1,4,9,2,1313,1,5,1,3,3,20,3,1
264,1,4,12,2,1493,1,2,4,2,3,34,3,1
265,1,4,22,2,2675,3,5,3,3,3,40,3,1
266,1,2,9,2,2118,1,3,2,3,1,37,3,1
267,1,4,36,2,909,3,5,4,3,2,36,3,1
268,1,4,12,4,1258,1,2,2,2,2,22,3,1
269,1,4,15,1,1569,2,5,4,3,3,34,1,1
270,1,4,6,2,1236,3,3,2,3,2,50,3,1
271,1,4,36,3,7678,3,4,2,2,3,40,3,1
272,1,4,6,2,660,3,4,2,4,1,23,3,1
273,1,4,24,2,2835,3,5,3,3,2,53,3,1
274,1,4,24,2,2670,1,5,4,3,3,35,3,1
275,1,4,12,1,3447,3,3,4,2,1,35,3,1
276,1,4,15,2,3568,1,5,4,2,3,54,1,1
277,1,2,21,4,3652,1,4,2,3,2,27,3,1
278,1,1,24,2,3660,1,3,2,2,3,28,3,1
279,1,3,9,2,1126,2,5,2,1,1,49,3,1
280,1,3,6,3,683,1,2,2,2,2,29,1,1
281,1,3,12,2,2251,1,3,1,2,3,46,3,1
282,1,4,12,2,4675,5,2,1,2,3,20,3,1
283,1,2,21,3,2353,1,3,1,1,2,47,3,1
284,1,1,21,2,3357,4,2,4,2,3,29,1,1
285,1,4,6,2,672,1,1,1,2,1,54,3,1
286,1,1,6,4,338,3,5,4,3,3,52,3,1
287,1,4,9,2,2697,1,3,1,3,1,32,3,1
288,1,4,9,2,2507,3,5,2,3,4,51,3,1
289,1,4,15,3,1478,1,3,4,4,1,33,1,1
290,1,4,12,4,3565,5,2,2,3,2,37,3,1
291,1,4,15,2,2221,3,3,2,2,3,20,3,1
292,1,4,6,4,1898,5,3,1,3,1,34,3,1
293,1,2,6,3,1449,2,5,1,1,3,31,1,1
294,1,4,15,3,960,4,4,3,2,2,30,3,1
295,1,4,36,2,8133,1,3,1,2,2,30,1,1
296,1,4,9,2,2301,2,2,2,2,2,22,3,1
297,1,4,6,3,1743,2,3,1,3,1,34,3,1
298,1,2,12,2,983,4,2,1,2,1,19,3,1
299,1,4,18,3,2320,1,1,2,4,1,34,3,1
300,1,1,12,1,339,1,5,4,4,3,45,1,1
301,1,3,24,2,5152,1,4,4,3,3,25,1,1
302,1,3,24,2,3749,1,2,2,2,3,26,3,1
303,1,4,9,4,3074,5,3,1,3,1,33,3,1
304,0,3,9,2,745,1,3,3,2,1,28,3,1
305,1,4,24,2,1469,2,5,4,4,1,41,3,1
306,1,1,6,2,1374,1,3,1,3,1,36,1,1
307,1,4,6,1,783,5,3,1,3,1,26,2,1
308,1,1,21,2,2606,1,2,4,2,2,28,3,1
309,1,4,54,0,9436,5,3,2,3,2,39,3,1
310,1,4,12,4,930,5,5,4,3,1,65,3,1
311,1,4,48,4,2751,5,5,4,3,3,38,3,1
312,1,4,6,4,250,4,3,2,2,1,41,1,1
313,1,2,24,2,1201,1,2,4,3,2,26,3,1
314,1,1,6,2,662,1,2,3,3,1,41,3,1
315,1,4,15,2,1300,5,5,4,3,4,45,1,1
316,1,4,24,1,1559,1,4,4,3,3,40,1,1
317,1,3,12,2,3016,1,3,3,4,3,24,3,1
318,1,4,15,4,1360,1,3,4,3,2,31,3,1
319,1,4,6,0,1204,2,3,4,3,4,35,1,2
320,1,4,10,2,1597,3,3,3,3,4,40,3,2
321,1,4,12,2,2073,2,3,4,2,1,28,3,1
322,1,4,11,2,2142,4,5,1,1,1,28,3,1
323,1,1,10,4,2132,5,2,2,2,1,27,3,2
324,1,4,10,2,1546,1,3,3,3,1,31,3,2
325,1,4,24,4,1287,4,5,4,2,1,37,3,1
326,1,4,10,2,1418,2,3,3,3,1,35,3,2
327,1,3,6,4,1343,1,5,1,3,1,46,3,2
328,1,4,18,2,2662,5,4,4,3,2,32,3,2
329,1,4,18,4,6070,1,5,3,3,3,33,3,1
330,1,4,24,4,1927,5,3,3,2,3,33,3,1
331,1,4,18,4,2404,1,3,2,2,3,26,3,1
332,1,4,6,4,1554,1,4,1,2,3,24,3,1
333,1,4,22,2,1283,5,4,4,2,2,25,3,1
334,1,4,24,3,717,5,5,4,4,3,54,3,1
335,1,1,24,2,1747,1,2,4,3,2,24,3,2
336,1,1,9,4,1288,2,5,3,3,1,48,3,2
337,1,1,10,4,1038,1,4,4,3,2,49,3,1
338,1,4,10,2,2848,2,3,1,3,1,32,3,1
339,1,4,12,2,1413,4,4,3,3,2,55,3,2
340,1,4,30,4,3077,5,5,3,3,3,40,3,1
341,1,1,24,1,3632,1,3,1,2,3,22,1,2
342,1,4,18,4,3229,5,1,2,3,4,38,3,1
343,1,4,9,2,3577,2,3,1,3,1,26,3,2
344,1,4,12,4,682,2,4,4,2,3,51,3,1
345,1,4,10,2,1924,1,3,1,3,2,38,3,2
346,1,4,10,2,727,3,5,4,3,4,46,3,1
347,1,3,10,4,781,1,5,4,3,4,63,3,1
348,1,1,12,4,2121,1,3,4,3,2,30,3,1
349,1,4,12,4,701,1,3,4,3,3,32,3,1
350,1,4,10,4,2069,5,3,2,4,3,26,3,2
351,1,4,24,2,1525,4,4,4,2,3,34,3,1
352,1,4,48,4,7629,5,5,4,1,3,46,1,1
353,0,1,12,4,3499,1,3,3,2,1,29,3,1
354,1,4,6,2,1346,2,5,2,3,4,42,1,1
355,1,4,36,4,10477,5,5,2,3,4,42,3,1
356,1,1,24,2,2924,1,3,3,3,4,63,1,1
357,1,4,10,4,1231,1,5,3,3,1,32,3,2
358,1,3,18,2,1961,1,5,3,2,3,23,3,1
359,1,4,15,4,5045,5,5,1,2,3,59,3,1
360,1,4,12,4,1255,1,5,4,3,1,61,3,1
361,1,1,12,2,1858,1,2,4,2,3,22,3,1
362,1,4,6,4,1221,5,3,1,4,2,27,3,1
363,1,4,9,2,1388,1,3,4,2,1,26,3,1
364,1,4,12,2,2279,5,3,4,3,4,37,3,1
365,1,4,12,0,2759,1,5,2,3,2,34,3,1
366,1,3,24,2,1258,3,3,3,2,3,57,3,1
367,1,2,12,0,1410,1,3,2,3,1,31,3,1
368,1,1,15,2,1403,1,3,2,2,3,28,3,1
369,1,1,24,2,3021,1,3,2,1,1,24,3,1
370,1,1,24,2,6568,1,3,2,4,3,21,2,1
371,1,4,24,4,2578,4,5,2,3,3,34,3,1
372,1,2,24,4,7758,4,5,2,2,4,29,3,1
373,1,1,6,2,343,1,2,4,2,1,27,3,1
374,1,4,21,3,1591,2,4,4,3,1,34,3,1
375,1,1,27,2,3416,1,3,3,3,3,27,3,1
376,0,1,12,0,1108,1,4,4,3,1,28,3,1
377,1,2,27,3,5965,1,5,1,3,3,30,3,1
378,1,2,15,2,1514,2,3,4,3,1,22,3,1
379,1,4,30,4,6742,5,4,2,3,2,36,3,1
380,1,1,18,2,3650,1,2,1,2,3,22,3,1
381,1,1,21,2,3599,1,4,1,2,3,26,3,1
382,1,4,60,4,13756,5,5,2,3,4,63,1,1
383,1,2,9,2,276,1,3,4,4,1,22,3,1
384,1,4,42,4,4041,3,3,4,3,1,36,3,1
385,1,2,9,2,458,1,3,4,3,1,24,3,1
386,0,2,9,2,918,1,3,4,2,2,30,3,1
387,1,4,24,2,7393,1,3,1,3,2,43,3,1
388,1,3,10,2,1225,1,3,2,3,3,37,3,1
389,1,1,24,2,2812,5,5,2,2,1,26,3,1
390,1,4,15,2,3029,1,4,2,3,3,33,3,1
391,1,3,12,4,1480,3,1,2,3,4,66,1,1
392,1,3,6,4,1047,1,3,2,2,2,50,3,1
393,1,4,15,4,1471,1,3,4,3,4,35,3,1
394,1,4,24,2,5511,2,3,4,3,3,25,2,1
395,1,2,9,2,1206,1,5,4,2,1,25,3,1
396,1,2,24,3,6403,1,2,1,3,3,33,3,1
397,1,4,12,2,707,1,3,4,3,1,30,1,1
398,1,4,12,3,1503,1,3,4,4,1,41,3,1
399,1,2,12,2,6078,1,4,2,3,3,32,3,1
400,1,2,27,2,2528,1,2,4,2,2,32,3,1
401,1,2,12,2,1037,2,4,3,3,1,39,3,1
402,1,1,6,2,1352,3,1,1,2,2,23,3,1
403,1,4,24,2,3181,1,2,4,2,2,26,3,1
404,1,4,18,2,4594,1,2,3,3,3,32,3,1
405,1,2,48,2,5381,5,1,3,3,4,40,1,1
406,1,4,15,2,4657,1,3,3,3,3,30,3,1
407,1,2,9,2,1391,1,3,2,4,1,27,1,1
408,1,2,18,2,1913,4,2,3,4,1,36,1,1
409,1,4,42,2,7166,5,4,2,4,2,29,3,1
410,1,4,13,2,1409,2,1,2,2,1,64,3,1
411,1,4,24,3,2978,5,3,4,3,1,32,3,1
412,1,4,12,4,976,5,5,4,3,3,35,3,1
413,1,4,24,3,2375,3,3,4,3,3,44,3,1
414,1,4,12,4,522,3,5,4,3,2,42,3,1
415,1,4,28,4,2743,1,5,4,3,3,29,3,1
416,1,4,11,4,1154,2,1,4,2,1,57,3,1
417,1,4,24,4,5804,4,3,4,3,1,27,3,1
418,1,4,18,4,1169,5,3,4,3,2,29,3,1
419,1,1,15,4,1478,1,5,4,3,3,44,3,1
420,1,4,12,2,776,1,3,4,4,1,28,3,1
421,1,2,11,4,1322,4,3,4,2,3,40,3,1
422,1,2,16,4,1175,1,1,2,3,3,68,3,1
423,1,4,12,2,2133,5,5,4,2,4,52,3,1
424,1,4,15,4,1829,1,5,4,3,3,46,3,1
425,1,4,12,4,717,1,5,4,3,1,52,3,1
426,1,2,39,3,11760,2,4,2,3,4,32,3,1
427,0,2,9,4,1501,1,5,2,2,3,34,3,1
428,1,1,12,2,1200,5,3,4,2,2,23,1,1
429,1,2,9,2,3195,5,3,1,2,1,33,3,1
430,1,4,30,4,4530,1,4,4,2,3,26,3,1
431,0,4,12,3,1555,4,5,4,3,4,55,3,1
432,1,2,15,4,2326,3,3,2,3,3,27,1,1
433,1,2,18,4,1887,5,3,4,4,1,28,1,1
434,1,4,12,4,1264,5,5,4,3,4,57,3,1
435,1,4,7,3,846,5,5,3,3,4,36,3,1
436,1,4,15,4,1532,2,3,4,2,3,31,3,1
437,1,4,6,3,935,1,3,3,2,1,24,3,1
438,1,1,27,4,2442,1,5,4,3,3,43,2,1
439,1,2,18,4,3590,1,1,3,4,3,40,3,1
440,1,4,21,4,2288,1,2,4,2,2,23,3,1
441,1,4,27,3,5117,1,4,3,3,3,26,3,1
442,1,1,39,4,14179,5,4,4,3,2,30,3,1
443,1,4,15,2,1386,5,3,4,4,1,40,3,1
444,1,4,12,4,618,1,5,4,3,1,56,3,1
445,1,4,12,2,1574,1,3,4,3,1,50,3,1
446,1,4,6,4,700,5,5,4,3,4,36,3,1
447,1,4,12,2,886,5,3,4,2,3,21,3,1
448,1,4,36,2,4686,1,3,2,3,4,32,3,1
449,1,2,9,2,790,3,3,4,2,1,66,3,1
450,0,2,12,2,766,3,3,4,3,1,66,3,1
451,1,1,20,2,2212,5,4,4,3,3,39,3,1
452,1,2,10,2,7308,1,1,2,3,4,70,1,1
453,1,2,24,4,5743,1,2,2,2,4,24,3,1
454,1,1,14,2,3973,1,1,1,3,4,22,3,1
455,1,2,60,3,7418,5,3,1,3,1,27,3,1
456,1,2,20,3,2629,1,3,2,3,3,29,1,1
457,1,2,18,2,1941,4,3,4,3,2,35,3,1
458,1,2,24,3,2333,5,2,4,3,2,29,1,1
459,1,4,12,2,2445,5,2,2,4,3,26,3,1
460,1,2,20,2,6468,5,1,1,1,1,60,3,1
461,1,2,18,4,7374,1,1,4,3,2,40,2,1
462,1,4,15,2,3812,2,2,1,2,3,23,3,1
463,0,1,28,2,4006,1,3,3,3,3,45,3,1
464,1,2,12,2,7472,5,1,1,2,1,24,3,1
465,1,3,12,2,1424,5,5,3,2,1,55,3,1
466,1,2,12,2,2028,5,3,4,3,3,30,3,1
467,1,4,15,2,5324,3,5,1,2,4,35,3,1
468,1,2,36,2,2323,1,4,4,3,3,24,3,1
469,1,4,12,2,1393,1,5,4,3,2,47,1,1
470,1,4,18,2,1984,1,3,4,3,4,47,1,1
471,1,4,24,2,999,5,5,4,3,3,25,3,1
472,1,4,36,2,7409,5,5,3,3,2,37,3,1
473,1,4,15,2,2186,5,4,1,2,1,33,1,1
474,1,3,36,2,4473,1,5,4,3,3,31,3,1
475,1,4,24,2,937,1,2,4,4,3,27,3,1
476,1,4,18,2,3422,1,5,4,3,2,47,1,1
477,1,4,24,2,3105,5,2,4,3,3,25,3,1
478,1,4,12,4,2748,1,5,2,2,4,57,1,1
479,1,2,18,2,3872,1,1,2,2,3,67,3,1
480,1,4,27,2,5190,5,5,4,3,2,48,3,1
481,1,2,18,2,3001,1,4,2,2,1,40,3,1
482,1,4,24,3,3863,1,3,1,3,4,32,3,1
483,1,4,12,4,5801,5,5,2,3,2,49,3,2
484,1,4,12,4,1592,4,4,3,2,2,35,3,1
485,1,4,12,4,1185,1,3,3,2,1,27,3,1
486,1,4,18,4,3780,1,2,3,1,3,35,3,1
487,1,2,18,4,3612,1,5,3,2,2,37,3,2
488,1,4,12,2,1076,1,3,2,4,1,26,3,1
489,1,4,12,2,3527,5,2,2,3,2,45,3,1
490,1,4,18,2,2051,1,2,4,3,1,33,3,1
491,1,4,12,4,3331,1,5,2,3,2,42,2,1
492,1,1,18,0,3104,1,4,3,3,2,31,1,1
493,1,4,24,4,2611,1,5,4,4,1,46,3,1
494,1,1,12,4,1409,1,5,4,3,1,54,3,1
495,1,4,24,2,1311,2,4,4,4,2,26,3,1
496,1,4,6,2,2108,1,4,2,4,1,29,3,1
497,1,4,24,4,4042,5,4,3,3,2,43,3,1
498,1,4,12,4,926,1,1,1,2,2,38,3,1
499,1,1,12,2,1680,3,5,3,4,1,35,3,1
500,1,4,24,2,1249,1,2,4,4,1,28,3,1
501,1,4,24,4,2463,2,4,4,4,2,27,3,1
502,1,4,6,2,1595,1,4,3,3,2,51,3,1
503,1,4,24,4,2058,1,3,4,1,1,33,3,1
504,1,4,24,2,7814,1,4,3,3,3,38,3,1
505,1,4,6,4,1740,1,5,2,4,1,30,3,1
506,1,4,12,4,1240,5,5,4,2,1,38,3,1
507,1,4,24,4,6842,5,3,2,3,2,46,3,1
508,1,4,24,4,5150,1,5,4,3,3,33,3,1
509,1,1,6,2,1203,2,5,3,3,2,43,3,1
510,1,4,6,4,2080,3,3,1,4,3,24,3,1
511,1,4,6,2,1538,1,2,1,2,4,56,3,1
512,1,2,24,4,3878,2,2,4,1,3,37,3,1
513,1,2,30,2,3832,1,2,2,4,2,22,3,1
514,1,4,15,2,3186,4,4,2,2,3,20,3,1
515,1,2,24,2,2896,2,2,2,3,3,29,3,1
516,1,2,24,3,6967,2,4,4,3,3,36,3,1
517,0,4,36,2,1819,1,3,4,3,4,37,2,1
518,0,4,24,2,5943,5,2,1,2,3,44,3,1
519,0,4,36,4,7127,1,2,2,2,2,23,3,1
520,0,4,36,2,3349,1,3,4,2,3,28,3,1
521,0,4,36,2,10974,1,1,4,2,3,26,3,1
522,1,4,6,2,518,1,3,3,2,1,29,3,1
523,1,4,18,2,1126,5,2,4,2,1,21,3,1
524,1,2,12,4,1860,1,1,4,3,3,34,3,1
525,1,4,36,4,9566,1,3,2,2,3,31,2,1
526,1,1,12,2,701,1,3,4,4,1,40,3,1
527,1,2,12,2,2930,1,4,2,2,1,27,3,1
528,1,4,18,2,1505,1,3,4,3,4,32,3,1
529,1,4,18,4,2238,1,3,2,2,3,25,3,1
530,1,4,4,4,1503,1,4,2,3,1,42,3,1
531,1,4,24,4,2197,5,4,4,3,3,43,3,1
532,1,3,12,2,1881,1,3,2,2,3,44,3,1
533,1,1,18,4,1880,1,4,4,4,2,32,3,1
534,1,1,18,2,2389,1,2,4,2,3,27,2,1
535,1,2,24,2,1967,1,5,4,2,3,20,3,1
536,1,4,4,4,3380,1,4,1,2,1,37,3,1
537,1,4,4,4,1455,1,4,2,3,1,42,3,1
538,1,4,7,4,730,5,5,4,3,2,46,3,1
539,1,2,18,0,3244,1,3,1,2,3,33,1,1
540,0,2,9,2,1670,1,2,4,2,3,22,3,1
541,1,2,48,2,3979,5,4,4,3,3,41,3,1
542,0,2,12,2,1922,1,3,4,3,2,37,3,1
543,1,2,18,4,1295,1,2,4,2,2,27,3,1
544,1,4,4,4,1544,1,4,2,3,1,42,3,1
545,1,2,8,2,907,1,2,3,4,1,26,3,1
546,1,2,30,2,1715,5,3,4,2,3,26,3,1
547,1,3,10,4,1347,5,4,4,3,2,27,3,1
548,1,2,12,2,1007,4,3,4,4,1,22,3,1
549,1,4,12,4,1402,3,4,3,2,3,37,3,1
550,1,2,12,2,2002,1,4,3,3,2,30,3,1
551,1,4,12,4,2096,1,4,2,3,1,49,3,1
552,1,4,12,2,1101,1,3,3,4,1,27,3,1
553,1,4,10,2,894,5,4,4,2,2,40,3,1
554,1,2,11,2,1577,4,2,4,2,1,20,3,1
555,1,4,33,3,2764,1,3,2,2,3,26,3,1
556,1,2,48,0,8358,3,2,1,2,3,30,3,1
557,1,3,12,2,1474,1,2,4,2,2,33,1,1
558,1,4,24,2,5433,5,1,2,2,2,26,3,1
559,1,2,14,2,1410,3,5,1,4,1,35,3,1
560,1,4,20,4,3485,5,2,2,1,1,44,3,1
561,1,4,18,4,3850,1,4,3,3,3,27,3,1
562,0,2,60,2,7408,2,2,4,2,2,24,3,1
563,1,3,24,2,1377,2,5,4,2,4,47,3,1
564,1,4,30,3,4272,2,3,2,3,2,26,3,1
565,1,2,24,3,1553,2,4,3,2,2,23,3,1
566,1,2,36,3,9857,2,4,1,3,2,31,3,1
567,1,4,6,4,362,2,3,4,2,3,52,3,1
568,1,4,12,4,1935,1,5,4,3,1,43,3,1
569,1,4,48,2,10222,5,4,4,3,3,37,2,1
570,1,3,12,2,1330,1,2,4,3,1,26,3,1
571,1,4,36,2,9055,5,3,2,3,4,35,3,1
572,1,2,26,2,7966,1,2,2,3,3,30,3,1
573,1,2,30,1,3496,4,3,4,3,3,34,2,1
574,1,2,36,2,6948,1,3,2,3,3,35,3,1
575,1,2,48,0,12204,5,3,2,3,3,48,1,1
576,0,1,36,2,3446,1,5,4,3,3,42,3,1
577,0,1,12,2,684,1,3,4,3,3,40,3,1
578,0,1,33,4,4281,3,3,1,2,3,23,3,1
579,0,1,42,2,7174,5,4,4,2,3,30,3,1
580,0,1,24,1,1546,1,4,4,3,3,24,1,1
581,0,1,24,2,2359,2,1,1,1,2,33,3,1
582,0,4,24,2,3621,2,5,2,3,3,31,3,1
583,0,1,12,2,741,2,1,4,2,2,22,3,1
584,0,1,12,2,7865,1,5,4,3,4,53,3,1
585,1,1,24,2,2910,1,4,2,3,4,34,3,1
586,1,1,18,4,5302,1,5,2,3,4,36,3,1
587,1,1,36,2,3620,1,3,1,3,2,37,3,1
588,1,1,18,2,3509,1,4,4,2,1,25,3,1
589,1,2,12,2,3017,1,2,3,2,1,34,3,1
590,1,1,12,2,1657,1,3,2,3,1,27,3,1
591,1,1,8,4,1164,1,5,3,3,4,51,1,1
592,0,1,36,4,6229,1,2,4,2,4,23,3,1
593,0,1,24,1,1193,1,1,1,2,4,29,3,1
594,1,1,30,0,4583,1,3,2,1,1,32,3,1
595,1,1,36,4,5371,1,3,3,3,2,28,3,1
596,1,1,12,2,708,1,3,2,3,2,38,3,1
597,1,1,21,4,571,1,5,4,3,1,65,3,1
598,1,1,30,2,2522,1,5,1,3,2,39,3,1
599,0,1,36,2,5179,1,4,4,3,2,29,3,1
600,0,1,36,2,8229,1,3,2,3,2,26,3,1
601,1,4,24,4,2028,1,4,2,3,2,30,3,1
602,1,1,6,2,1374,5,1,4,2,2,75,3,1
603,1,1,12,2,1289,1,3,4,3,2,21,3,1
604,0,1,36,2,2712,1,5,2,3,2,41,1,1
605,1,1,15,4,975,1,3,2,1,2,25,3,1
606,1,2,6,3,1050,1,1,4,3,2,35,2,2
607,1,1,6,4,609,1,4,4,2,2,37,3,1
608,1,1,48,2,4788,1,4,4,3,2,26,3,1
609,1,2,24,2,3069,2,5,4,3,4,30,3,1
610,0,2,12,2,836,2,2,4,2,2,23,1,1
611,1,1,12,2,2577,1,3,2,1,3,42,3,1
612,1,1,12,2,1620,1,3,2,2,2,30,3,1
613,1,1,15,2,1845,1,2,4,2,2,46,3,1
614,1,1,24,2,6579,1,1,4,3,4,29,3,1
615,1,1,12,2,1893,1,3,4,2,2,29,3,1
616,1,1,30,4,10623,1,5,3,3,4,38,3,1
617,1,1,18,2,2249,2,4,4,3,3,30,3,1
618,0,1,30,2,3108,1,2,2,1,2,31,3,1
619,1,2,12,4,958,1,4,2,3,1,47,3,1
620,1,4,24,2,9277,5,3,2,1,4,48,3,1
621,1,4,24,4,6314,1,1,4,3,4,27,1,1
622,1,1,12,4,1526,1,5,4,3,4,66,3,1
623,1,1,12,2,3590,1,3,2,3,2,29,3,1
624,1,1,24,4,6615,1,1,2,3,4,75,3,1
625,1,1,6,4,1872,1,1,4,3,4,36,3,1
626,1,4,12,2,2859,5,1,4,3,4,38,3,1
627,1,4,18,4,1582,4,5,4,3,3,46,3,1
628,1,4,6,2,1238,5,1,4,3,2,36,3,1
629,1,1,12,2,2578,1,1,3,2,4,55,3,1
630,1,1,15,4,1433,1,3,4,2,2,25,3,1
631,1,1,42,2,7882,1,4,2,3,2,45,3,1
632,1,1,24,2,4169,1,3,4,3,2,28,3,1
633,1,1,36,2,3959,1,1,4,3,2,30,3,1
634,1,1,36,2,3249,1,4,2,3,4,39,1,1
635,1,1,24,2,3149,1,2,4,3,4,22,1,1
636,0,1,12,4,2246,1,5,3,3,2,60,3,1
637,1,1,13,4,1797,1,2,3,3,2,28,1,1
638,1,1,20,4,4272,1,5,1,2,2,24,3,1
639,1,1,24,4,2957,1,5,4,3,2,63,3,1
640,1,1,36,4,2348,1,3,3,4,2,46,3,1
641,1,3,42,0,6289,1,2,2,1,2,33,3,1
642,1,1,24,4,6419,1,5,2,2,4,44,3,1
643,0,1,48,4,6143,1,5,4,2,4,58,2,1
644,1,4,24,4,1597,1,5,4,3,4,54,3,1
645,1,1,36,2,15857,1,1,2,1,3,43,3,1
646,1,4,24,4,2223,2,5,4,3,2,52,1,1
647,1,4,48,3,7238,5,5,3,3,3,32,1,1
648,1,2,30,3,2503,2,5,4,3,2,41,2,1
649,1,2,18,2,2622,2,3,4,3,3,34,3,1
650,1,2,24,2,4351,5,3,1,2,2,48,3,1
651,1,2,6,2,368,5,5,4,3,2,38,3,1
652,1,2,12,2,754,5,5,4,3,2,38,3,1
653,1,4,24,4,2424,5,5,4,3,2,53,3,1
654,1,2,48,3,6681,5,3,4,3,4,38,3,1
655,1,2,18,3,2427,5,5,4,3,2,42,3,1
656,0,2,24,4,1216,2,2,4,3,4,38,1,1
657,1,2,6,2,753,1,3,2,2,1,64,3,1
658,1,2,7,2,2576,1,3,2,3,1,35,3,2
659,1,2,6,2,590,1,2,3,4,1,26,3,2
660,1,2,8,2,1414,1,3,4,3,1,33,3,2
661,1,2,12,2,1103,1,4,4,3,1,29,3,1
662,1,2,12,3,585,1,3,4,4,1,20,3,1
663,1,2,6,2,1068,1,5,4,3,3,28,3,1
664,1,1,8,4,713,1,5,4,3,1,47,3,1
665,1,2,12,2,1092,1,3,4,2,1,49,3,1
666,1,2,7,2,2329,1,2,1,2,1,45,3,1
667,1,2,13,4,882,1,2,4,3,1,23,3,1
668,1,2,18,2,866,1,3,4,4,1,25,3,1
669,1,2,7,2,2415,1,3,3,3,1,34,3,1
670,1,2,13,2,2101,1,2,2,2,2,23,3,1
671,1,2,18,2,1301,1,5,4,4,1,32,3,1
672,1,2,18,2,1113,1,3,4,2,1,26,3,1
673,1,2,8,2,760,1,4,4,2,1,44,3,1
674,1,2,12,2,625,1,2,4,4,1,26,1,1
675,1,3,6,4,1323,2,5,2,1,3,28,3,1
676,1,1,9,4,1138,1,3,4,3,1,25,3,1
677,1,2,18,4,1795,1,5,3,2,1,48,1,1
678,1,2,15,4,2728,5,4,4,3,1,35,1,1
679,1,2,6,2,484,1,4,3,4,1,28,1,1
680,1,2,10,1,1048,1,3,4,3,1,23,2,1
681,1,2,12,2,1155,1,5,3,4,1,40,1,1
682,1,2,20,3,7057,5,4,3,3,2,36,1,1
683,1,2,15,4,1537,5,5,4,3,1,50,3,1
684,1,1,12,2,2214,1,3,4,3,2,24,3,1
685,1,4,24,4,1585,1,4,4,3,2,40,3,1
686,1,2,10,2,1521,1,3,4,1,3,31,3,1
687,1,2,36,1,3990,5,2,3,2,4,29,1,1
688,1,3,18,2,3049,1,2,1,2,2,45,2,1
689,0,1,24,2,1282,2,3,4,2,3,32,3,1
690,1,4,60,2,10144,2,4,2,2,1,21,3,1
691,1,1,12,2,1168,1,3,4,4,1,27,3,1
692,1,2,6,2,454,1,2,3,4,2,22,3,1
693,1,4,15,3,3594,1,2,1,2,2,46,3,1
694,1,4,12,2,1768,1,3,3,3,1,24,3,1
695,1,4,60,3,15653,1,4,2,3,3,21,3,1
696,1,3,12,3,2247,1,3,2,2,3,36,2,1
697,1,4,24,2,1413,1,3,4,4,2,28,3,1
698,1,2,45,4,4576,2,1,3,3,3,27,3,1
699,1,1,24,4,1231,4,5,4,2,2,57,3,1
700,0,1,36,2,8335,5,5,3,3,4,47,3,1
701,1,2,36,4,5800,1,3,3,3,3,34,3,1
702,1,1,18,3,8471,5,3,1,2,3,23,3,1
703,1,1,30,2,3622,4,5,4,2,2,57,3,1
704,1,1,6,4,1169,5,5,4,3,1,67,3,1
705,1,4,15,2,1262,3,4,4,3,2,36,3,1
706,1,3,24,4,3617,5,5,4,3,4,20,3,1
707,1,2,30,4,2181,5,5,4,3,1,36,3,1
708,0,1,48,1,7685,1,4,2,2,3,37,3,1
709,1,4,48,4,6110,1,3,1,3,4,31,1,1
710,1,4,24,2,3757,1,5,4,2,4,62,3,1
711,1,1,42,4,3394,1,1,4,3,3,65,3,1
712,1,4,36,4,6304,5,5,4,3,1,36,3,1
713,1,4,9,4,1244,5,5,4,2,2,41,3,1
714,1,4,6,2,3518,1,3,2,3,2,26,3,1
715,1,4,36,0,2613,1,3,4,3,3,27,3,1
716,1,1,48,2,7476,1,4,4,3,4,50,3,1
717,0,4,24,2,4591,4,3,2,3,2,54,3,1
718,0,2,18,2,1924,5,2,4,2,1,27,3,1
719,0,2,72,2,5595,2,3,2,4,3,24,3,1
720,0,2,48,3,6224,1,5,4,3,4,50,3,1
721,1,3,15,2,1905,1,5,4,3,3,40,3,1
722,1,4,21,3,2993,1,3,3,3,1,28,2,1
723,1,4,36,3,8947,5,4,3,3,3,31,2,1
724,1,1,24,2,4020,1,3,2,3,3,27,2,1
725,1,2,18,2,2779,1,3,1,4,3,21,3,1
726,1,4,21,2,2782,3,4,1,2,3,31,1,1
727,1,4,12,2,1884,1,5,4,3,3,39,3,1
728,1,4,36,4,11054,5,3,4,3,3,30,3,1
729,1,2,60,3,9157,5,3,2,3,4,27,3,1
730,1,2,42,1,9283,1,1,1,3,4,55,1,1
731,1,4,60,2,6527,5,3,4,3,4,34,3,1
732,1,4,15,4,3368,4,5,3,3,4,23,3,1
733,1,1,15,2,2511,1,1,1,2,3,23,3,1
734,1,1,36,2,5493,1,5,2,3,4,42,3,1
735,1,4,6,2,1338,3,3,1,1,1,62,3,1
736,1,2,9,2,1082,1,5,4,3,3,37,3,1
737,1,4,18,4,1149,4,3,4,3,1,46,3,1
738,1,2,15,2,1308,1,5,4,3,3,38,3,1
739,1,2,20,0,6148,2,5,3,4,3,31,1,1
740,1,4,12,2,1736,1,4,3,2,1,31,3,1
741,1,4,12,2,3059,4,4,2,1,1,61,3,1
742,0,1,24,2,2996,5,3,2,4,3,20,3,1
743,1,4,30,4,7596,5,5,1,3,3,63,3,1
744,1,4,30,2,4811,5,4,2,2,2,24,2,1
745,1,4,6,2,1766,1,3,1,4,2,21,3,1
746,1,2,24,2,2760,5,5,4,3,4,36,1,1
747,1,4,24,4,5507,1,5,3,3,4,44,3,1
748,1,2,9,2,1199,1,4,4,2,2,67,3,1
749,1,3,24,2,2892,1,5,3,1,4,51,3,1
750,1,2,36,3,2862,2,5,4,3,4,30,3,1
751,0,1,9,2,654,1,3,4,3,3,28,3,1
752,0,2,9,4,1136,4,5,4,3,4,32,3,1
753,0,2,24,2,4113,3,2,3,2,3,28,3,1
754,0,2,6,2,14555,5,1,1,3,2,23,3,1
755,0,1,15,0,950,1,5,4,3,3,33,3,1
756,0,1,24,4,1199,1,5,4,3,3,60,3,1
757,0,1,12,0,1082,1,3,4,3,3,48,1,1
758,0,2,30,2,2150,1,3,4,2,4,24,1,1
759,0,2,36,4,2820,1,2,4,1,3,27,3,1
760,0,2,48,2,3060,1,4,4,3,1,28,3,1
761,0,1,18,2,2600,1,3,4,3,4,65,3,1
762,0,4,21,0,5003,5,3,1,2,2,29,1,1
763,0,2,60,2,6288,1,3,4,3,4,42,3,1
764,0,4,24,3,2538,1,5,4,3,3,47,3,1
765,0,4,9,2,1478,1,4,4,3,3,22,3,1
766,0,2,39,4,4933,1,4,2,3,1,25,3,1
767,0,4,18,4,1530,1,3,3,3,2,32,1,1
768,0,2,9,1,1437,2,4,2,3,4,29,3,1
769,0,1,15,2,1275,5,3,4,2,3,24,3,1
770,0,1,24,2,1823,1,1,4,3,3,30,2,1
771,0,1,9,2,1422,1,2,3,3,4,27,3,1
772,0,1,18,2,1217,1,3,4,4,1,47,3,1
773,0,1,36,2,9271,1,4,2,3,3,24,3,1
774,0,1,36,3,2145,1,4,2,3,3,24,3,1
775,0,1,36,2,1842,1,2,4,2,3,34,3,1
776,0,2,18,3,4297,1,5,4,1,4,40,3,1
777,0,1,6,4,3384,1,3,1,1,1,44,3,1
778,0,2,18,4,1245,1,3,4,4,3,33,3,1
779,0,4,15,2,4623,2,3,3,3,2,40,3,1
780,0,2,30,4,8386,1,4,2,3,2,49,3,1
781,0,1,24,3,1024,1,2,4,4,1,48,2,1
782,0,2,36,2,14318,1,5,4,3,4,57,3,1
783,0,2,6,1,433,4,2,4,2,2,24,1,1
784,0,1,12,1,2149,1,3,4,1,4,29,3,1
785,0,4,24,2,2397,3,5,3,3,3,35,1,1
786,0,2,6,1,931,2,2,1,2,2,32,2,1
787,0,2,15,3,1512,4,3,3,4,2,61,2,1
788,0,2,24,0,4241,1,3,1,3,1,36,3,1
789,0,2,24,4,4736,1,2,2,2,3,25,1,1
790,0,2,15,0,1778,1,2,2,2,1,26,3,1
791,0,3,15,2,2327,1,2,2,2,1,25,3,1
792,0,1,24,1,6872,1,2,2,1,2,55,1,1
793,0,1,12,2,795,1,2,4,2,2,53,3,1
794,0,3,30,3,1908,1,5,4,3,1,66,3,1
795,0,2,36,0,1953,1,5,4,3,4,61,3,1
796,0,3,18,2,2864,1,3,2,3,1,34,3,1
797,0,3,21,4,2319,1,2,2,1,3,33,3,1
798,0,1,24,2,915,5,5,4,2,3,29,1,1
799,0,3,24,2,947,1,4,4,3,4,38,1,1
800,0,1,24,2,1381,5,3,4,2,2,35,3,1
801,0,1,24,2,1285,5,4,4,2,4,32,3,1
802,0,1,24,2,1371,5,3,4,2,1,25,3,1
803,0,2,18,2,1042,5,3,4,2,2,33,3,1
804,0,1,12,2,900,5,3,4,4,3,23,3,1
805,0,1,24,2,1207,1,2,4,2,2,24,3,1
806,0,2,18,0,2278,2,2,3,2,3,28,3,1
807,0,1,60,3,6836,1,5,3,3,4,63,3,1
808,0,1,24,2,3345,1,5,4,3,2,39,3,1
809,0,1,6,1,1198,1,5,4,2,4,35,3,1
810,0,2,48,2,15672,1,3,2,3,3,23,3,1
811,0,1,60,2,7297,1,5,4,3,4,36,3,1
812,0,4,18,2,1943,1,2,4,2,1,23,3,1
813,0,1,18,2,3190,1,3,2,2,1,24,3,1
814,0,2,9,1,5129,1,5,2,2,4,74,1,1
815,0,4,18,3,1808,1,4,4,2,1,22,3,1
816,0,3,10,2,1240,2,5,1,2,4,48,3,1
817,0,1,12,2,759,1,4,4,3,1,26,3,1
818,0,2,8,2,1237,1,3,3,2,1,24,3,1
819,0,4,9,2,1980,1,2,2,2,3,19,3,1
820,0,2,48,2,10961,4,4,1,3,4,27,1,1
821,0,1,36,3,6887,1,3,4,3,2,29,2,1
822,0,1,24,2,1938,1,2,4,1,2,32,3,1
823,0,1,21,2,1835,1,3,3,2,1,25,3,1
824,0,1,24,3,1659,1,2,4,2,3,29,3,1
825,0,2,6,3,1209,1,1,4,3,2,47,3,1
826,0,2,48,0,3844,2,4,4,3,4,34,3,1
827,0,1,12,4,4843,1,5,3,3,2,43,3,1
828,0,2,12,2,639,1,3,4,3,3,30,3,1
829,0,2,48,2,5951,1,3,2,2,1,22,3,1
830,0,2,36,0,3804,1,3,4,2,3,42,3,1
831,0,4,36,3,4463,1,3,4,3,3,26,3,1
832,0,4,36,3,7980,5,2,4,3,3,27,3,1
833,0,3,36,2,4210,1,3,4,3,3,26,3,1
834,0,4,6,2,4611,1,2,1,2,2,32,3,1
835,0,2,24,2,11560,1,3,1,2,3,23,3,1
836,0,4,18,0,4165,1,3,2,3,3,36,2,1
837,0,2,24,2,4057,1,4,3,1,3,43,3,1
838,0,4,18,1,6458,1,5,2,3,4,39,1,1
839,0,4,12,2,1386,3,3,2,2,2,26,3,1
840,0,1,36,2,1977,5,5,4,3,4,40,3,1
841,0,2,18,4,1928,1,2,2,3,1,31,3,1
842,0,4,12,2,1123,3,3,4,2,3,29,3,1
843,0,2,24,2,11328,1,3,2,3,3,29,1,1
844,0,2,24,4,11938,1,3,2,3,3,39,3,1
845,0,2,27,4,2520,3,3,4,3,2,23,3,1
846,0,2,30,3,1919,2,2,4,3,4,30,2,1
847,0,2,60,1,14782,2,5,3,2,4,60,1,1
848,0,2,36,2,2671,2,3,4,2,4,50,3,1
849,0,2,36,2,12612,2,3,1,3,4,47,3,1
850,0,2,45,2,3031,2,3,4,3,2,21,3,1
851,0,1,12,1,626,1,3,4,2,1,24,1,1
852,0,2,24,4,1935,1,5,4,1,1,31,3,1
853,0,3,24,4,1344,5,4,4,3,1,37,1,1
854,0,4,18,2,1533,1,2,4,4,2,43,3,1
855,0,1,48,2,3931,1,4,4,3,4,46,3,1
856,0,1,24,1,3349,3,2,4,3,4,30,3,1
857,0,1,36,2,2302,1,3,4,1,3,31,3,1
858,0,1,42,2,3965,1,2,4,3,3,34,3,1
859,0,1,12,2,727,2,2,4,4,4,33,3,1
860,0,4,48,2,3914,5,3,4,1,1,38,1,1
861,0,1,48,2,4308,1,2,3,2,2,24,3,1
862,0,2,12,2,1534,1,2,1,4,1,23,3,1
863,0,4,18,4,2775,1,4,2,3,2,31,1,1
864,0,1,40,4,5998,1,3,4,3,4,27,1,1
865,0,3,15,4,1271,5,3,3,3,4,39,3,1
866,0,2,12,2,1295,1,2,3,2,3,25,3,1
867,0,2,36,2,9398,1,2,1,4,3,28,3,1
868,0,2,12,2,951,2,2,4,2,3,27,1,1
869,0,2,24,2,1355,1,2,3,2,3,25,3,1
870,0,1,48,2,3051,1,3,3,3,3,54,3,1
871,0,4,36,4,7855,1,3,4,2,1,25,2,1
872,0,4,18,2,433,1,1,3,2,1,22,3,1
873,0,4,36,3,9572,1,2,1,1,3,28,3,1
874,0,2,24,1,1837,1,4,4,2,4,34,1,1
875,0,2,30,4,4249,1,1,4,4,3,28,3,1
876,0,2,30,4,5234,1,1,4,4,3,28,3,1
877,0,1,48,2,6758,1,3,3,2,3,31,3,1
878,0,1,9,2,1366,1,2,3,2,2,22,3,1
879,0,1,24,1,1358,5,5,4,3,3,40,2,1
880,0,1,18,2,2473,1,1,4,3,3,25,3,1
881,0,3,9,0,1337,1,2,4,3,3,34,3,1
882,0,1,48,2,7763,1,5,4,3,4,42,1,1
883,0,2,15,1,1264,2,3,2,4,2,25,3,1
884,0,2,15,2,2631,2,3,2,2,3,28,3,1
885,0,2,48,2,6560,2,4,3,3,2,24,3,1
886,0,1,24,2,3123,1,2,4,2,2,27,3,1
887,0,1,36,4,8065,1,3,3,2,4,25,3,1
888,0,1,24,2,2439,1,2,4,2,1,35,3,1
889,0,2,36,2,9034,2,2,4,3,4,29,3,1
890,0,2,60,2,14027,1,4,4,3,4,27,3,1
891,0,1,36,4,9629,1,4,4,3,3,24,3,1
892,0,2,12,2,1484,5,3,2,4,1,25,3,1
893,0,1,18,2,1131,1,1,4,2,3,33,3,1
894,0,2,24,3,2064,1,1,3,2,2,34,3,1
895,0,2,18,2,12976,1,1,3,2,4,38,3,1
896,0,4,21,3,2580,3,2,4,3,1,41,1,1
897,0,4,27,2,2570,1,3,3,2,1,21,3,1
898,0,2,27,2,3915,1,3,4,3,3,36,3,1
899,0,4,10,2,1309,5,3,4,3,2,27,3,1
900,0,1,24,2,4817,1,4,2,3,2,31,3,1
901,0,1,12,2,2579,1,2,4,3,1,33,3,1
902,0,2,36,3,2225,1,5,4,3,4,57,1,1
903,0,1,18,2,4153,1,3,2,3,3,42,3,1
904,0,1,18,0,3114,1,2,1,2,2,26,3,1
905,0,1,18,4,2124,1,3,4,2,1,24,3,1
906,0,1,18,1,1553,1,3,4,3,3,44,1,1
907,0,1,30,2,2406,1,4,4,2,1,23,3,1
908,0,1,24,3,1333,1,1,4,3,1,43,3,1
909,0,1,48,0,7119,1,3,3,3,4,53,3,1
910,0,1,24,3,4870,1,3,3,3,4,53,3,1
911,0,1,12,4,691,1,5,4,3,2,35,3,1
912,0,1,42,3,4370,1,4,3,3,2,26,1,1
913,0,1,36,1,2746,1,5,4,3,3,31,1,1
914,0,1,24,0,4110,1,5,3,3,4,23,1,1
915,0,1,18,2,2462,1,3,2,3,3,22,3,1
916,0,1,12,2,1282,1,3,2,2,3,20,3,1
917,0,2,12,0,2969,1,2,4,2,2,25,3,1
918,0,1,48,0,4605,1,5,3,3,4,24,3,1
919,0,1,48,4,6331,1,5,4,3,4,46,3,1
920,0,1,24,1,3552,1,4,3,3,3,27,1,1
921,0,1,12,1,697,1,2,4,3,3,46,1,1
922,0,1,24,2,1442,1,4,4,2,3,23,3,1
923,0,1,27,0,5293,1,1,2,3,2,50,3,1
924,0,1,21,3,3414,1,2,2,3,2,26,2,1
925,0,1,18,2,2039,1,3,1,2,1,20,3,1
926,0,1,24,1,3161,1,3,4,3,2,31,1,1
927,0,1,12,2,902,1,4,4,4,2,21,3,1
928,0,1,48,2,10297,1,4,4,3,4,39,3,1
929,0,2,48,0,14421,1,3,2,3,3,25,2,1
930,0,2,18,4,1056,1,5,3,3,1,30,3,1
931,0,1,12,2,1274,1,2,3,2,1,37,1,1
932,0,2,12,2,1223,1,5,1,1,1,46,3,1
933,0,1,12,2,1372,1,4,2,1,3,36,3,1
934,0,1,16,4,2625,1,5,2,3,2,43,3,2
935,0,1,20,4,2235,1,3,4,4,2,33,1,2
936,0,2,9,2,959,1,3,1,2,3,29,1,1
937,0,2,18,4,884,1,5,4,3,3,36,3,1
938,0,2,24,2,1246,1,2,4,3,1,23,1,1
939,0,2,36,3,8086,2,5,2,3,3,42,2,1
940,0,4,48,4,10127,3,3,2,3,4,44,3,1
941,0,2,12,2,888,1,5,4,3,3,41,1,1
942,0,4,12,2,719,1,5,4,3,3,41,1,1
943,0,2,36,2,12389,5,3,1,3,4,37,1,1
944,0,1,12,2,709,1,5,4,3,1,57,3,1
945,0,2,15,1,6850,2,1,1,3,2,34,2,1
946,0,4,10,2,2210,1,3,2,3,1,25,3,1
947,0,4,30,1,7485,5,1,4,2,1,53,1,1
948,0,1,18,1,1442,1,4,4,3,4,32,1,1
949,0,4,12,4,797,5,5,4,2,2,33,3,1
950,0,2,45,4,4746,1,2,4,3,2,24,1,1
951,0,3,12,4,939,3,4,4,4,1,28,3,1
952,0,2,21,2,1188,1,5,2,2,2,39,3,1
953,0,4,48,4,11590,2,3,2,2,3,24,3,1
954,0,3,12,1,609,1,2,4,2,1,26,1,1
955,0,1,18,4,1190,1,1,2,2,4,55,3,1
956,0,2,21,2,2767,2,5,4,1,3,61,3,1
957,0,2,30,2,3441,2,3,2,2,3,21,1,1
958,0,2,30,0,4280,2,3,4,2,3,26,3,1
959,0,2,24,2,3092,2,2,3,4,3,22,3,1
960,0,4,18,2,6761,5,3,2,3,3,68,2,1
961,0,2,12,2,1331,1,2,2,3,3,22,3,1
962,0,2,54,0,15945,1,2,3,3,4,58,3,1
963,0,1,24,2,3234,1,2,4,2,1,23,3,1
964,0,2,15,2,802,1,5,4,3,3,37,3,1
965,0,2,48,2,9960,1,2,1,2,3,26,1,1
966,0,4,24,3,8648,1,2,2,3,3,27,1,1
967,0,1,18,2,1345,1,3,4,4,1,26,3,1
968,0,1,45,2,1845,1,3,4,3,4,23,3,1
969,0,1,21,1,1647,5,3,4,3,2,40,1,1
970,0,4,48,2,4844,1,1,3,3,3,33,3,1
971,0,2,27,0,8318,1,5,2,2,4,42,2,1
972,0,3,18,2,2100,1,3,4,3,1,37,3,1
973,0,1,45,0,11816,1,5,2,3,3,29,3,1
974,0,1,6,2,448,1,2,4,2,2,23,3,1
975,0,1,30,2,11998,1,2,1,1,4,34,1,1
976,0,2,48,0,18424,1,3,1,2,2,32,1,2
977,0,1,6,2,14896,1,5,1,3,4,68,1,1
978,0,2,12,2,2762,5,5,1,2,2,25,3,1
979,0,1,12,2,3386,1,5,3,3,4,35,3,1
980,0,2,24,2,2039,1,2,1,4,2,22,3,1
981,0,4,18,3,2169,1,3,4,4,3,28,3,1
982,0,2,48,4,5096,1,3,2,2,3,30,3,1
983,0,1,18,2,1882,1,3,4,2,3,25,1,1
984,0,1,48,2,6999,1,4,1,4,1,34,3,1
985,0,4,12,4,2292,1,1,4,3,3,42,2,1
986,0,1,14,2,8978,1,5,1,1,2,45,3,2
987,0,1,12,2,674,2,4,4,4,2,20,3,1
988,0,1,18,2,976,1,2,1,2,3,23,3,1
989,0,2,24,2,2718,1,3,3,2,2,20,3,1
990,0,1,18,2,750,1,1,4,2,1,27,3,1
991,0,2,24,2,12579,1,5,4,2,4,44,3,1
992,0,1,18,2,7511,5,5,1,3,2,51,3,1
993,0,1,18,4,3966,1,5,1,2,1,33,1,1
994,0,1,12,0,6199,1,3,4,3,2,28,3,1
995,0,1,24,2,1987,1,3,2,3,1,21,3,1
996,0,1,24,2,2303,1,5,4,3,1,45,3,1
997,0,4,21,4,12680,5,5,4,3,4,30,3,1
998,0,2,12,2,6468,5,1,2,3,4,52,3,1
999,0,1,30,2,6350,5,5,4,3,2,31,3,1
